Code,Name,Market,entry,exit,entry_px,exit_px,ret,reason,hold_days,sell_tax
003520,영진약품,KOSPI,2016-03-25,2016-07-26,162.45443786982233,685.0177514792888,3.202763192467817,trend,123,0.003
257720,실리콘투,KOSDAQ,2024-03-21,2024-08-06,36.8666896551724,131.46068965517242,2.5583521286511273,trend,138,0.0018
001430,세아베스틸,KOSPI,2021-03-30,2021-07-20,73.03734939759023,118.23694779116443,0.6146475577917416,trend,112,0.0023
037270,YG PLUS,KOSPI,2025-05-29,2025-09-10,158.74524714828857,225.40380228136823,0.41735352918619073,trend,104,0.0015
006110,삼아알미늄,KOSPI,2021-08-20,2021-11-02,656.5485714285707,931.4666666666656,0.41504415207142875,trend,74,0.0023
031330,에스에이엠티,KOSDAQ,2026-05-07,2026-07-03,365.32689655172373,487.2993103448271,0.3308045331812788,trend,57,0.002
047310,파워로직스,KOSDAQ,2019-03-08,2019-04-29,208.00137931034448,260.3977011494248,0.24777306032150204,trend,52,0.003
103140,풍산,KOSPI,2024-04-05,2024-05-23,192.78987341772077,240.38625678119257,0.2442641156390586,trend,48,0.0018
079550,LIG넥스원,KOSPI,2023-12-04,2024-01-08,137.4997252747253,169.02939560439566,0.2267259936184447,trend,35,0.0018
000030,우리은행,KOSPI,2016-10-20,2017-05-30,95.99312977099217,116.94122137404551,0.21420536551726865,trend,222,0.003
031330,에스에이엠티,KOSDAQ,2021-06-15,2021-11-04,189.80413793103443,230.80183908045962,0.21283891282555634,trend,142,0.0023
009150,삼성전기,KOSPI,2025-09-04,2025-11-14,251.72195121951182,305.7001434720225,0.2122501206671854,trend,71,0.0015
000990,DB하이텍,KOSPI,2019-12-09,2020-02-28,274.6122994652402,333.55614973261964,0.2112433901673907,trend,81,0.0025
336570,원텍,KOSDAQ,2025-06-04,2025-08-04,308.49454545454483,368.65515151515086,0.19286281455050225,trend,61,0.0015
085370,루트로닉,KOSDAQ,2023-06-08,2023-07-17,234.83166023166012,280.51891891891876,0.19180617253152166,trend,39,0.002
005380,현대차,KOSPI,2021-01-05,2021-01-29,92.38930957683736,107.57951002227163,0.16138810580343366,trend,24,0.0023
004020,현대제철,KOSPI,2021-03-29,2021-05-18,56.44480286738358,65.46021505376352,0.15670603321402266,trend,50,0.0023
240810,원익IPS,KOSDAQ,2019-10-16,2020-01-29,189.5675675675678,218.78078078078101,0.15087348151460378,trend,105,0.0025
033240,자화전자,KOSPI,2020-12-18,2021-01-28,94.30588235294107,108.73350383631703,0.14999018534358632,trend,41,0.0023
121600,나노신소재,KOSDAQ,2021-11-08,2021-12-20,314.3178571428575,362.369047619048,0.14987749243181892,trend,42,0.0023
047810,한국항공우주,KOSPI,2022-05-03,2022-06-22,168.25026737967917,192.48413547237087,0.14106060434638112,trend,50,0.0023
047810,한국항공우주,KOSPI,2015-06-29,2015-08-20,274.3443850267375,313.4538324420671,0.13878616433478874,trend,52,0.003
005930,삼성전자,KOSPI,2017-03-22,2017-07-31,159.2177234530175,180.7683728036669,0.13160722771862132,trend,131,0.003
051910,LG화학,KOSPI,2017-08-23,2018-02-02,125.24999999999973,141.8390410958901,0.12871091784486488,trend,163,0.003
035720,카카오,KOSPI,2017-09-07,2017-10-26,150.88941176470587,170.83411764705883,0.12844531380734492,trend,49,0.003
046890,서울반도체,KOSDAQ,2017-04-26,2017-07-26,45.950803461062996,51.688751545117405,0.12116003130974251,trend,91,0.003
009150,삼성전기,KOSPI,2018-06-01,2018-07-23,192.6370157819224,215.49354375896687,0.11495976433218935,trend,52,0.003
069620,대웅제약,KOSPI,2017-08-29,2017-10-27,128.88272383354325,142.84110970996187,0.10464615046109427,trend,59,0.003
069080,웹젠,KOSDAQ,2020-07-28,2020-08-24,449.29288702928915,494.1283124128316,0.09671213336773699,trend,27,0.0025
050110,캠시스,KOSDAQ,2020-01-02,2020-01-29,139.61199999999977,153.02666666666642,0.09301676261038305,trend,27,0.0025
200710,에이디테크놀로지,KOSDAQ,2023-11-23,2024-01-15,187.15928571428572,204.58999999999992,0.09083781046189943,trend,53,0.0018
048260,오스템임플란트,KOSDAQ,2021-03-10,2021-04-20,338.71025641025625,369.3452991452988,0.08761142722641613,trend,41,0.0023
082920,비츠로셀,KOSDAQ,2023-06-13,2023-07-17,374.1412844036686,407.4403669724758,0.08649703098709383,trend,34,0.002
290650,엘앤씨바이오,KOSDAQ,2023-05-25,2023-07-27,125.29647495361772,134.97996289424847,0.07480721696717119,trend,63,0.002
014680,한솔케미칼,KOSPI,2020-07-16,2020-08-18,551.1000000000009,584.0148148148155,0.056758879663886486,trend,33,0.0025
131390,피앤이솔루션,KOSDAQ,2015-12-11,2016-01-11,120.90799999999983,127.61093333333315,0.051955870672508286,trend,31,0.003
023160,태광,KOSDAQ,2025-01-13,2025-02-11,90.91880184331761,95.20092165898583,0.045213792677998965,trend,29,0.0015
307950,현대오토에버,KOSPI,2023-08-31,2023-09-20,198.81848928974082,207.36347237880517,0.04058032359608066,trend,20,0.002
011200,HMM,KOSPI,2020-07-30,2020-08-19,27.42374409485283,28.349646463087,0.030868697588312566,trend,20,0.0025
137940,넥스트아이,KOSDAQ,2020-10-13,2020-11-10,26.215937940761577,26.88547249647384,0.022668138911141833,trend,28,0.0025
042660,한화오션,KOSPI,2023-07-10,2023-07-28,109.92667828552868,112.12929312025534,0.017691393660626664,trend,18,0.002
012330,현대모비스,KOSPI,2025-09-01,2025-09-26,114.92473118279571,106.66624000000002,-0.07353040143978384,stop,25,0.0015
014680,한솔케미칼,KOSPI,2025-07-14,2025-07-23,659.8355555555553,612.4197725333331,-0.07353040143978395,stop,9,0.0015
029780,삼성카드,KOSPI,2025-07-11,2025-07-21,151.65405405405366,140.75619372972935,-0.07353040143978407,stop,10,0.0015
032640,LG유플러스,KOSPI,2025-07-23,2025-07-29,139.26880733944918,129.26095084403636,-0.07353040143978407,stop,6,0.0015
069620,대웅제약,KOSPI,2025-12-12,2025-12-18,244.11904161412235,226.5766472837315,-0.07353040143978418,stop,6,0.0015
006280,녹십자,KOSPI,2025-01-02,2025-01-03,147.42540983606574,136.83141988524605,-0.07353040143978418,stop,1,0.0015
267270,HD현대건설기계,KOSPI,2025-07-25,2025-09-01,38.8275,36.03735585,-0.07353040143978418,stop,38,0.0015
100090,SK오션플랜트,KOSPI,2025-08-05,2025-08-12,538.2952853598017,499.6133861538463,-0.07353040143978429,stop,7,0.0015
010060,OCI홀딩스,KOSPI,2025-08-19,2025-08-20,57.83427055702903,53.67829987480092,-0.07353040143978429,stop,1,0.0015
012330,현대모비스,KOSPI,2025-01-31,2025-02-07,95.5311827956989,88.66631199999996,-0.07353040143978429,stop,7,0.0015
101490,에스앤에스텍,KOSDAQ,2025-08-18,2025-08-20,1981.8970588235259,1839.477936176467,-0.07353040143978429,stop,2,0.0015
010140,삼성중공업,KOSPI,2024-07-17,2024-08-05,27.25545335085418,25.296876473061797,-0.0738088016797479,stop,19,0.0018
003850,보령,KOSPI,2024-01-24,2024-02-05,35.92075471698096,33.33948928301871,-0.07380880167974802,stop,12,0.0018
011780,금호석유,KOSPI,2024-07-12,2024-07-19,177.86854054054072,165.08690721729747,-0.07380880167974802,stop,7,0.0018
005940,NH투자증권,KOSPI,2024-05-17,2024-06-04,133.4264033264032,123.83838198336787,-0.07380880167974813,stop,18,0.0018
357780,솔브레인,KOSDAQ,2024-05-22,2024-05-24,125.25000000000006,116.24953500000004,-0.07380880167974813,stop,2,0.0018
000100,유한양행,KOSPI,2024-07-02,2024-07-02,45.680219178082105,42.39763862794512,-0.07380880167974813,stop,0,0.0018
178320,서진시스템,KOSDAQ,2024-02-14,2024-02-28,57.54457831325299,53.409424915662626,-0.07380880167974813,stop,14,0.0018
144960,뉴파워프라즈마,KOSDAQ,2024-06-05,2024-06-05,40.8553571428571,37.919491178571384,-0.07380880167974824,stop,0,0.0018
039130,하나투어,KOSPI,2024-03-25,2024-03-27,103.91111111111069,96.44405866666627,-0.07380880167974824,stop,2,0.0018
005830,DB손해보험,KOSPI,2024-07-01,2024-07-09,197.96880415944557,183.7427658925478,-0.07380880167974824,stop,8,0.0018
138930,BNK금융지주,KOSPI,2024-12-03,2024-12-20,67.82769230769249,62.9535943384617,-0.07380880167974835,stop,17,0.0018
108320,LX세미콘,KOSPI,2023-06-16,2023-06-30,520.3519313304703,482.9594415450627,-0.07399440183972406,stop,14,0.002
000810,삼성화재,KOSPI,2023-09-12,2023-10-30,106.16428571428568,98.53532014285712,-0.07399440183972406,stop,48,0.002
222800,심텍,KOSDAQ,2023-09-04,2023-09-08,344.29955947136443,319.5581931277522,-0.07399440183972417,stop,4,0.002
033290,코웰패션,KOSDAQ,2023-09-19,2023-09-19,623.2848979591846,578.4956451918375,-0.07399440183972417,stop,0,0.002
042660,대우조선해양,KOSPI,2023-04-18,2023-04-28,75.45027737571269,70.02842044349397,-0.07399440183972417,stop,10,0.002
001780,알루코,KOSPI,2023-04-13,2023-04-18,187.8750000000001,174.37430250000008,-0.07399440183972417,stop,5,0.002
027360,아주IB투자,KOSDAQ,2026-03-03,2026-03-03,493.15826086956616,457.7199082434791,-0.07399440183972417,stop,0,0.002
009420,한올바이오파마,KOSPI,2026-03-27,2026-03-30,1556.765853658535,1444.8966594146325,-0.07399440183972417,stop,3,0.002
282880,코윈테크,KOSDAQ,2023-06-08,2023-06-29,166.30896551724086,154.35800325517192,-0.07399440183972439,stop,21,0.002
330350,위더스제약,KOSDAQ,2023-12-06,2023-12-11,35.27389534883723,32.73911322906978,-0.07399440183972439,stop,5,0.002
000490,대동,KOSPI,2022-04-15,2022-04-26,263.86000000000035,244.89902040000032,-0.0742728020796879,stop,11,0.0023
013990,아가방컴퍼니,KOSDAQ,2021-06-02,2021-06-07,114.20854368932062,106.00151773980603,-0.074272802079688,stop,5,0.0023
149980,하이로닉,KOSDAQ,2022-01-17,2022-01-18,12.904338335607125,11.977032582810397,-0.074272802079688,stop,1,0.0023
303030,지니틱스,KOSDAQ,2022-06-10,2022-06-13,91.99396551724125,85.38327915517229,-0.074272802079688,stop,3,0.0023
045660,에이텍,KOSDAQ,2021-06-02,2021-07-05,1029.0080862533675,955.0635651752006,-0.074272802079688,stop,33,0.0023
278280,천보,KOSDAQ,2021-11-10,2022-01-11,656.7019027484142,609.5113040169132,-0.07427280207968812,stop,62,0.0023
063080,게임빌,KOSDAQ,2021-04-20,2021-04-26,120.77678571428582,112.09776589285724,-0.07427280207968812,stop,6,0.0023
344820,KCC글라스,KOSPI,2021-07-30,2021-08-13,127.85376344086029,118.66619200000007,-0.07427280207968812,stop,14,0.0023
091120,이엠텍,KOSDAQ,2021-03-19,2021-03-31,187.37399999999988,173.90930435999988,-0.07427280207968812,stop,12,0.0023
010620,현대미포조선,KOSPI,2021-01-06,2021-01-11,30.791797752808968,28.579099166292114,-0.07427280207968812,stop,5,0.0023
001120,LG상사,KOSPI,2021-03-15,2021-03-23,106.2511545293069,98.6159465648309,-0.07427280207968812,stop,8,0.0023
145720,덴티움,KOSPI,2021-03-26,2021-03-29,196.91478260869548,182.7644863304346,-0.07427280207968812,stop,3,0.0023
035510,신세계 I&C,KOSPI,2021-09-10,2021-09-17,343.6939313984152,318.99608548812506,-0.07427280207968812,stop,7,0.0023
006730,서부T&D,KOSDAQ,2022-04-27,2022-05-09,61.5312676056337,57.109630715492855,-0.07427280207968812,stop,12,0.0023
091580,상신이디피,KOSDAQ,2022-08-10,2022-08-16,409.9090909090893,380.4530236363621,-0.07427280207968812,stop,6,0.0023
051370,인터플렉스,KOSDAQ,2022-02-23,2022-03-11,89.34088669950715,82.92085058128056,-0.07427280207968812,stop,16,0.0023
028050,삼성엔지니어링,KOSPI,2021-08-11,2021-08-13,36.269162995594655,33.66286094273122,-0.07427280207968812,stop,2,0.0023
006260,LS,KOSPI,2021-01-08,2021-01-11,99.20174346201769,92.07310617683709,-0.07427280207968812,stop,3,0.0023
264850,이랜시스,KOSDAQ,2021-07-07,2021-07-08,207.14663341645883,192.26107633915208,-0.07427280207968823,stop,1,0.0023
274090,켄코아에어로스페이스,KOSDAQ,2021-07-07,2021-07-08,194.04585365853654,180.10171861463408,-0.07427280207968823,stop,1,0.0023
001340,백광산업,KOSPI,2021-04-06,2021-05-13,184.56082474226767,171.2982838762883,-0.07427280207968823,stop,37,0.0023
005850,에스엘,KOSPI,2021-06-28,2021-07-05,239.90192307692277,222.66257088461506,-0.07427280207968823,stop,7,0.0023
064760,티씨케이,KOSDAQ,2021-03-25,2021-03-26,2539.3693931398316,2356.890308548803,-0.07427280207968823,stop,1,0.0023
011790,SKC,KOSPI,2021-04-13,2021-04-28,486.7336683417094,451.75698693467416,-0.07427280207968823,stop,15,0.0023
267260,현대일렉트릭,KOSPI,2021-09-08,2021-09-23,9.483214285714267,8.801750507142838,-0.07427280207968823,stop,15,0.0023
049070,인탑스,KOSDAQ,2022-04-12,2022-04-28,203.00937500000012,188.42112131250008,-0.07427280207968823,stop,16,0.0023
137950,제이씨케미칼,KOSDAQ,2021-08-17,2021-08-20,264.0405405405411,245.0665872972978,-0.07427280207968823,stop,3,0.0023
101160,월덱스,KOSDAQ,2021-03-25,2021-03-26,719.9660537482307,668.2292931258828,-0.07427280207968823,stop,1,0.0023
025900,동화기업,KOSDAQ,2021-08-13,2021-08-17,1603.572490706318,1488.3397715241617,-0.07427280207968823,stop,4,0.0023
096040,이트론,KOSDAQ,2020-11-26,2020-11-26,37.81820388349511,35.10058775242715,-0.07445840223966393,stop,0,0.0025
052710,아모텍,KOSDAQ,2019-12-30,2020-01-28,272.2328767123285,252.67022219178057,-0.07445840223966405,stop,29,0.0025
000990,DB하이텍,KOSPI,2020-07-16,2020-07-27,430.00267379679076,399.10268165775335,-0.07445840223966405,stop,11,0.0025
085660,차바이오텍,KOSDAQ,2020-06-03,2020-06-15,210.5585253456219,195.4277897142855,-0.07445840223966405,stop,12,0.0025
204320,만도,KOSPI,2019-09-23,2019-09-24,18.797012658227843,17.44625932860759,-0.07445840223966405,stop,1,0.0025
049080,기가레인,KOSDAQ,2020-11-27,2020-12-04,49.879780219780116,46.29541921318671,-0.07445840223966405,stop,7,0.0025
091580,상신이디피,KOSDAQ,2020-09-16,2020-09-23,316.64935064935014,293.89492831168786,-0.07445840223966405,stop,7,0.0025
060720,KH바텍,KOSDAQ,2020-07-22,2020-08-07,106.93613445378186,99.2517038319331,-0.07445840223966405,stop,16,0.0025
051910,LG화학,KOSPI,2020-07-10,2020-07-17,186.67397260273958,173.2595809315067,-0.07445840223966416,stop,7,0.0025
900250,크리스탈신소재,KOSDAQ,2019-06-20,2019-07-04,59.93875968992236,55.631560418604536,-0.07445840223966416,stop,14,0.0025
086280,현대글로비스,KOSPI,2019-06-11,2019-07-03,73.86681514476612,68.55874580846323,-0.07445840223966416,stop,22,0.0025
265520,AP시스템,KOSDAQ,2019-12-30,2020-01-31,79.05467625899281,73.37380722302159,-0.07445840223966416,stop,32,0.0025
182400,엔케이맥스,KOSDAQ,2020-06-03,2020-06-04,59.42093023255815,55.15094218604652,-0.07445840223966416,stop,1,0.0025
011210,현대위아,KOSPI,2019-11-13,2019-11-22,30.970909090909053,28.74533956363633,-0.07445840223966416,stop,9,0.0025
035900,JYP Ent.,KOSDAQ,2020-09-04,2020-09-23,835.7292576419203,775.6737531877719,-0.07445840223966416,stop,19,0.0025
104480,티케이케미칼,KOSDAQ,2019-06-11,2019-06-27,164.71902439024382,152.88231529756087,-0.07445840223966416,stop,16,0.0025
144510,녹십자랩셀,KOSDAQ,2020-08-10,2020-08-12,124.98960498960518,116.00785197505215,-0.07445840223966416,stop,2,0.0025
206560,덱스터,KOSDAQ,2019-06-13,2019-06-27,30.407916666666704,28.222803775000035,-0.07445840223966416,stop,14,0.0025
000270,기아차,KOSPI,2020-12-07,2020-12-22,123.0159392789371,114.17601388235266,-0.07445840223966427,stop,15,0.0025
004270,남성,KOSPI,2020-11-20,2020-12-08,53.644811320754535,49.78989517924511,-0.07445840223966427,stop,18,0.0025
012690,모나리자,KOSPI,2019-03-27,2019-03-28,243.9014634146334,226.37470425365785,-0.07492240263960404,stop,1,0.003
035900,JYP Ent.,KOSDAQ,2017-12-19,2018-01-09,299.72489082969406,278.1866601746722,-0.07492240263960415,stop,21,0.003
068760,셀트리온제약,KOSDAQ,2016-06-15,2016-06-17,244.23749999999993,226.6865932499999,-0.07492240263960415,stop,2,0.003
078340,컴투스,KOSDAQ,2018-03-09,2018-05-02,699.5482546201238,649.2787170431217,-0.07492240263960415,stop,54,0.003
030200,KT,KOSPI,2018-11-21,2019-02-14,98.25436893203876,91.19380998058244,-0.07492240263960415,stop,85,0.003
130960,CJ E&M,KOSDAQ,2017-04-10,2017-04-21,279.2876190476186,259.21801074285673,-0.07492240263960415,stop,11,0.003
012510,더존비즈온,KOSPI,2016-04-06,2016-04-07,224.00266666666644,207.90583503999977,-0.07492240263960415,stop,1,0.003
010950,S-Oil,KOSPI,2016-03-18,2016-05-04,125.3536551724138,116.34574151172413,-0.07492240263960415,stop,47,0.003
086900,메디톡스,KOSDAQ,2015-06-12,2015-07-07,307.31895043731777,285.2350106588921,-0.07492240263960415,stop,25,0.003
096770,SK이노베이션,KOSPI,2016-03-30,2016-04-29,119.16642857142858,110.60312901428573,-0.07492240263960415,stop,30,0.003
035720,카카오,KOSDAQ,2017-06-08,2017-06-20,128.25600000000006,119.03952384000004,-0.07492240263960415,stop,12,0.003
068760,셀트리온제약,KOSDAQ,2016-08-11,2016-08-29,245.68269230769232,228.02793403846155,-0.07492240263960415,stop,18,0.003
006260,LS,KOSPI,2017-07-19,2017-11-13,99.70087173100883,92.53636708841853,-0.07492240263960415,stop,117,0.003
009540,현대중공업,KOSPI,2016-10-07,2016-11-02,57.70887573964503,53.56191592899413,-0.07492240263960426,stop,26,0.003
204320,만도,KOSPI,2016-08-19,2016-08-23,138.50430379746837,128.5513845265823,-0.07492240263960426,stop,4,0.003
111820,처음앤씨,KOSDAQ,2015-11-12,2015-11-18,181.1696969696968,168.15084254545437,-0.07492240263960426,stop,6,0.003
036570,엔씨소프트,KOSPI,2017-12-14,2017-12-19,199.58036809815894,185.23852284662522,-0.07492240263960426,stop,5,0.003
002390,한독,KOSPI,2018-03-15,2018-03-26,234.098214285714,217.27591660714256,-0.07492240263960426,stop,11,0.003
011780,금호석유,KOSPI,2016-12-16,2017-03-03,86.00951351351365,79.82886987243255,-0.07492240263960426,stop,77,0.003
017180,명문제약,KOSPI,2017-11-10,2017-11-29,317.5789976133651,294.7577708448687,-0.07492240263960426,stop,19,0.003
036570,엔씨소프트,KOSPI,2016-10-05,2016-10-12,122.73987730061324,113.91978971779118,-0.07492240263960426,stop,7,0.003
010140,삼성중공업,KOSPI,2017-03-02,2017-04-05,29.62549277266752,27.49660486202363,-0.07492240263960426,stop,34,0.003
139480,이마트,KOSPI,2017-04-10,2017-09-06,82.94333333333338,76.98302540000005,-0.07492240263960426,stop,149,0.003
200130,콜마비앤에이치,KOSDAQ,2017-10-26,2017-11-01,192.09032675248045,178.28671587204718,-0.07492240263960426,stop,6,0.003
078930,GS,KOSPI,2017-07-27,2017-08-14,133.42234042553196,123.83461104255322,-0.07492240263960426,stop,18,0.003
042670,두산인프라코어,KOSPI,2017-01-06,2017-01-23,75.31161290322586,69.89972040000004,-0.07492240263960437,stop,17,0.003
086390,유니테스트,KOSDAQ,2018-03-14,2018-04-04,840.566666666668,780.1635460000011,-0.07492240263960437,stop,21,0.003
000210,대림산업,KOSPI,2016-04-20,2016-05-04,101.17386609071261,93.90351207343399,-0.07492240263960437,stop,14,0.003
010120,LS산전,KOSPI,2018-01-11,2018-02-02,106.34080717488757,98.69915677130014,-0.07492240263960437,stop,22,0.003
104480,티케이케미칼,KOSDAQ,2015-10-06,2015-10-12,165.69658536585342,153.78962874146316,-0.07492240263960448,stop,6,0.003
034020,두산에너빌리티,KOSPI,2024-07-10,2024-07-12,65.10087209302316,60.344186046511545,-0.07501266380369853,stop,2,0.0018
004020,현대제철,KOSPI,2021-01-06,2021-01-28,52.61397849462373,48.707646356033536,-0.07665174049506407,stop,22,0.0023
008930,한미사이언스,KOSPI,2020-10-26,2020-10-28,498.9551020408158,461.93142857142806,-0.07679425930421835,stop,2,0.0025
189300,인텔리안테크,KOSDAQ,2022-06-03,2022-06-10,528.9149560117288,489.3419354838697,-0.07722435957072626,stop,7,0.0023
139480,이마트,KOSPI,2017-12-18,2017-12-27,105.21000000000002,97.39740740740743,-0.07731162277873838,stop,9,0.003
097800,윈팩,KOSDAQ,2021-03-09,2021-03-11,135.75483870967722,125.5548387096772,-0.07753973060299901,stop,2,0.0023
088800,에이스테크,KOSDAQ,2019-03-08,2019-03-11,159.8251851851856,147.60543209876582,-0.07950422797190482,stop,3,0.003
055550,신한지주,KOSPI,2016-12-09,2018-03-07,101.59763948497861,93.80343347639497,-0.07976278734820597,stop,453,0.003
054450,텔레칩스,KOSDAQ,2021-02-17,2021-02-23,532.8095238095219,491.0793650793633,-0.0807169760773857,stop,6,0.0023
048530,인트론바이오,KOSDAQ,2018-01-16,2018-02-05,361.8988235294121,332.6666666666669,-0.08380737997888787,stop,20,0.003
024110,기업은행,KOSPI,2017-12-22,2018-02-09,139.12066115702436,127.84297520661121,-0.08409609614065894,stop,49,0.003
066980,브레인콘텐츠,KOSDAQ,2021-02-22,2021-02-26,84.93774834437065,77.98940397350974,-0.08419208831499625,stop,4,0.0023
004000,롯데정밀화학,KOSPI,2022-04-26,2022-04-27,206.19190751445043,186.44716763005746,-0.09810971759560239,stop,1,0.0023
004870,티웨이홀딩스,KOSPI,2018-03-20,2018-03-23,210.55159474671672,187.2420262664165,-0.11364138336192864,stop,3,0.003
204620,글로벌텍스프리,KOSDAQ,2025-06-17,2025-08-01,292.174377358491,224.16084276729586,-0.23416483064796567,stop,45,0.0015
